step,type,amount,nameOrig,oldbalanceOrg,newbalanceOrig,nameDest,oldbalanceDest,newbalanceDest,isFraud,isFlaggedFraud
103,CASH_OUT,42.70954799526926,C000002,3872.7019451473143,3829.992397152045,M000000,1667.778156408935,1706.2167496046775,0,0
436,CASH_IN,199.89385137061228,C000039,4178.137687401631,3978.2438360310193,M000000,2539.6782769689407,2719.5827432024917,0,0
861,TRANSFER,259.9658636754995,C000033,4265.551568090014,4005.585704414515,M000018,5282.097746747883,5516.067024055833,0,0
271,CASH_IN,73.85915171398493,C000039,3586.4864855636447,3512.62733384966,M000015,2263.593825192952,2330.0670617355386,0,0
107,TRANSFER,4.648471542279573,C000026,5604.899428720248,5600.250957177968,M000013,3767.8861365439125,3772.069760931964,0,0
72,CASH_IN,79.7717825920968,C000012,3744.1430264921014,3664.3712439000046,M000020,2747.537649056896,2819.332253389783,0,0
701,CASH_OUT,897.1232864527224,C000044,5031.373427591204,4134.250141138482,M000015,4839.607715805576,5647.018673613026,0,0
21,TRANSFER,22.31243065160528,C000032,3542.5366372511935,3520.2242065995883,M000004,4735.644578195938,4755.725765782383,0,0
615,CASH_OUT,107.90276554617355,C000005,1931.4027472310831,1823.4999816849095,M000008,4764.262657859879,4861.375146851436,0,0
122,TRANSFER,53.114188155839194,C000023,6824.870498518333,6771.756310362494,M000025,399.024705873971,446.8274752142263,0,0
467,CASH_OUT,849.5914552817221,C000018,5999.0539701908165,5149.462514909094,M000029,3310.0860708674913,4074.7183806210414,0,0
215,CASH_OUT,14.075389038200223,C000015,9577.364137595345,9563.288748557145,M000027,4138.407900182921,4151.075750317302,0,0
331,TRANSFER,548.432244853974,C000039,2912.0543200034836,2363.6220751495093,M000001,3572.3078438839966,4065.8968642525733,0,0
459,TRANSFER,25.78979170447915,C000027,4582.079025335939,4556.28923363146,M000017,3954.894488732744,3978.1053012667753,0,0
88,TRANSFER,13.622299144664309,C000032,4742.985038288389,4729.362739143725,M000005,3087.526506428216,3099.786575658414,0,0
373,PAYMENT,68.014447516474,C000047,6978.738876564263,6910.724429047788,M000008,1882.8236899102094,1944.036692675036,0,0
100,CASH_IN,108.30094026555716,C000040,3985.784211734783,3877.483271469226,M000000,454.3539225206223,551.8247687596238,0,0
872,PAYMENT,2497.534222218594,C000012,2657.916291648291,160.3820694296969,M000008,2031.6458570272869,4279.426657024022,0,0
664,PAYMENT,103.44862966339709,C000042,7415.618616922005,7312.169987258608,M000024,7017.164810457589,7110.268577154646,0,0
131,CASH_OUT,80.36318101327159,C000044,4366.699941477544,4286.336760464272,M000015,2271.523235863992,2343.850098775936,0,0
662,TRANSFER,1329.1379960245163,C000024,6757.287019452086,5428.14902342757,M000012,60.914660863884365,1257.1388572859491,0,0
309,CASH_IN,181.65474653216503,C000041,6524.396801584423,6342.742055052258,M000008,4098.974041093624,4262.463312972573,0,0
770,CASH_OUT,15.051078348092283,C000035,4940.219052195401,4925.1679738473085,M000020,4283.190013023967,4296.735983537251,0,0
344,PAYMENT,822.1647252133896,C000026,4651.372589930505,3829.2078647171147,M000012,4930.986585228211,5670.934837920262,0,0
492,TRANSFER,12.438076599156343,C000037,4216.870387340391,4204.432310741235,M000008,3706.4677555601706,3717.6620244994115,0,0
414,CASH_OUT,14.902149187664747,C000006,4969.613742460021,4954.711593272356,M000010,4268.402271700427,4281.8142059693255,0,0
806,TRANSFER,10.003735779930116,C000004,6726.200452341262,6716.196716561331,M000003,5760.325702262986,5769.329064464923,0,0
386,CASH_OUT,8.393939383222259,C000042,3407.119637880841,3398.7256984976184,M000001,1881.789761906827,1889.344307351727,0,0
192,TRANSFER,106.30864300181666,C000044,5217.691260418241,5111.382617416424,M000028,1584.2239418644238,1679.9017205660587,0,0
956,PAYMENT,32.596198492477576,C000030,2762.7371436023845,2730.140945109907,M000005,1358.1201906706067,1387.4567693138365,0,0
277,CASH_IN,0.052009003702032104,C000022,3011.7875339156144,3011.7355249119123,M000013,2601.3456202590255,2601.3924283623574,0,0
161,PAYMENT,31.92769695218202,C000041,4938.122005688751,4906.19430873657,M000003,5150.133629737752,5178.868556994716,0,0
460,CASH_IN,19.3787186740879,C000009,1079.6839834123361,1060.3052647382483,M000005,3792.102551619352,3809.543398426031,0,0
314,TRANSFER,325.5938444173998,C000031,9121.117233232104,8795.523388814705,M000018,3733.037929063827,4026.072389039487,0,0
22,CASH_OUT,17.698551093047364,C000042,2613.8800901795275,2596.1815390864804,M000005,271.0381070029148,286.9668029866574,0,0
253,PAYMENT,8764.94552627671,C000029,4919.822974686893,0.0,M000001,1960.2197591453712,9848.67073279441,0,0
748,CASH_IN,892.107960797589,C000038,7336.435443633729,6444.32748283614,M000017,246.5135507069449,1049.410715424775,0,0
857,PAYMENT,25.03260607245518,C000030,3274.189322499003,3249.156716426548,M000012,4756.868683982315,4779.398029447525,0,0
561,CASH_IN,544.1615434615741,C000017,394.60602091056717,0.0,M000008,5378.469739328599,5868.215128444015,0,0
475,PAYMENT,156.08854234653873,C000035,4110.108479750657,3954.0199374041185,M000022,4169.350090860572,4309.829778972457,0,0
59,CASH_IN,87.08908784639773,C000001,3250.359239847762,3163.2701520013643,M000018,1519.8209313906825,1598.2011104524404,0,0
511,CASH_IN,271.86469868065114,C000013,447.2529828159959,175.38828413534475,M000012,5223.033740423686,5467.711969236272,0,0
682,TRANSFER,60.833568403918484,C000012,5569.7797851443975,5508.946216740479,M000010,2620.1176349621846,2674.8678465257112,0,0
476,CASH_IN,88.29666272439442,C000028,5414.187724465903,5325.891061741509,M000000,1178.3110788710078,1257.7780753229629,0,0
700,TRANSFER,283.3562762556604,C000011,7284.6529090767035,7001.296632821043,M000023,1553.3936180824614,1808.414266712556,0,0
976,CASH_IN,3310.668737592056,C000038,2758.3552689592257,0.0,M000029,2354.7650466122445,5334.366910445095,0,0
783,CASH_OUT,90.23252452932009,C000001,1801.7270271059742,1711.4945025766542,M000021,3074.36778072706,3155.577052803448,0,0
190,CASH_OUT,22.030033248613925,C000031,4186.553833906833,4164.5238006582185,M000006,2757.983682522309,2777.8107124460616,0,0
958,CASH_OUT,0.9432143552086057,C000012,4823.31468198181,4822.371467626602,M000024,880.9973727434594,881.8462656631472,0,0
687,CASH_IN,2758.954117411381,C000045,6842.699205972993,4083.7450885616117,M000020,4819.974613778462,7303.033319448705,0,0
958,TRANSFER,32.249952644595915,C000026,7821.1360100103175,7788.886057365721,M000014,2774.091120844735,2803.116078224871,0,0
563,TRANSFER,159.1136266741885,C000048,7428.9582678146935,7269.844641140505,M000000,1929.3692155940237,2072.5714796007933,0,0
876,CASH_IN,2469.6074104559693,C000040,5553.087333785334,3083.4799233293643,M000011,4665.453542974146,6888.100212384519,0,0
567,CASH_OUT,86.07376333806157,C000016,6598.998507008296,6512.924743670234,M000025,1224.8907176002033,1302.3571046044588,0,0
244,CASH_OUT,36.99043908872716,C000039,3719.0131304616316,3682.0226913729043,M000006,556.6647246382281,589.9561198180826,0,0
832,TRANSFER,933.8781366967027,C000030,5336.790384950493,4402.9122482537905,M000014,4908.731169898108,5749.22149292514,0,0
505,CASH_OUT,137.20472248277966,C000033,2617.4197214243877,2480.214998941608,M000020,5837.081774325508,5960.56602456001,0,0
131,PAYMENT,176.30425241486077,C000023,5125.370793773746,4949.066541358886,M000018,2306.8559720229023,2465.529799196277,0,0
485,TRANSFER,2.595238082549206,C000044,5177.293394796025,5174.698156713475,M000027,2931.044988124282,2933.3807023985764,0,0
819,CASH_OUT,609.0073974310691,C000034,8444.257211369939,7835.24981393887,M000028,1280.002928218645,1828.1095859066072,0,0
647,TRANSFER,115.72030733830444,C000047,4542.034277019507,4426.313969681202,M000024,3008.23882536509,3112.3871019695644,0,0
21,PAYMENT,3.5142328129839435,C000005,5180.085675306573,5176.571442493589,M000000,2286.4421044032047,2289.60491393489,0,0
841,TRANSFER,144.0539991278217,C000018,5473.922831424085,5329.8688322962635,M000016,2846.807339947501,2976.4559391625407,0,0
167,TRANSFER,0.8824515894527785,C000029,4090.3593682230935,4089.476916633641,M000016,3613.887581395864,3614.6817878263714,0,0
274,TRANSFER,5907.336931413497,C000006,3395.0145335767056,0.0,M000002,1352.78178295373,6669.385021225878,0,0
388,TRANSFER,6.027247265974964,C000009,7597.6226496941035,7591.595402428128,M000011,2457.282991151149,2462.7075136905264,0,0
601,PAYMENT,1371.3974445172541,C000040,3038.1651140794047,1666.7676695621506,M000005,294.3278673327327,1528.5855673982614,0,0
316,CASH_IN,10.741222439248858,C000031,2344.1638566254537,2333.422634186205,M000025,2467.519073830068,2477.186174025392,0,0
14,TRANSFER,167.4109255310446,C000033,6360.53075859096,6193.119833059915,M000010,2859.8488936245008,3010.518726602441,0,0
242,TRANSFER,8.808731863876273,C000027,7315.629684048019,7306.820952184143,M000002,3343.4736375916173,3351.401496269106,0,0
777,CASH_OUT,401.10789012357793,C000014,4097.180684798722,3696.072794675144,M000007,3359.364810544813,3720.361911656033,0,0
346,TRANSFER,34.102221069984914,C000029,4127.893024700241,4093.790803630256,M000013,4355.884126105284,4386.576125068271,0,0
565,CASH_OUT,139.15091901135045,C000036,5565.0870522135865,5425.936133202236,M000013,690.5002210900202,815.7360482002356,0,0
898,CASH_IN,56.26815604615298,C000028,3584.294646513634,3528.026490467481,M000009,770.5844550745592,821.2257955160968,0,0
340,PAYMENT,3.5561212950275816,C000021,3436.574958776063,3433.0188374810355,M000001,3793.4369045887806,3796.6374137543053,0,0
92,PAYMENT,149.63720323973993,C000003,6759.1851759727315,6609.547972732991,M000013,58.44191550812411,193.11539842389004,0,0
367,CASH_IN,19.955903785764736,C000019,6214.262201567237,6194.3062977814725,M000008,3274.9503181574896,3292.9106315646777,0,0
956,PAYMENT,441.69764460248774,C000031,7622.31777263621,7180.620128033723,M000002,1229.5605906151593,1627.0884707573982,0,0
455,CASH_IN,34.06533790852417,C000035,2494.821975269009,2460.7566373604845,M000020,5359.221961375772,5389.8807654934435,0,0
428,CASH_IN,46.827572337090565,C000049,3995.0750261787666,3948.247453841676,M000025,3375.678611591666,3417.8234266950476,0,0
509,CASH_IN,1581.063385989663,C000003,5562.359124538906,3981.295738549243,M000007,2671.2659704304074,4094.223017821104,0,0
776,PAYMENT,6395.011990655156,C000026,3148.758300451267,0.0,M000015,4841.581315708768,10597.09210729841,0,0
943,CASH_OUT,262.97735121708246,C000016,6283.374874309299,6020.397523092217,M000001,1404.8969901435737,1641.576606238948,0,0
35,CASH_IN,30.744767130497905,C000011,7449.254174452664,7418.509407322166,M000005,1689.8855488682875,1717.5558392857356,0,0
206,TRANSFER,25.80781474838548,C000021,3833.2840555453035,3807.476240796918,M000027,1107.8177495173366,1131.0447827908836,0,0
81,PAYMENT,10.619012529802268,C000016,5077.183880454066,5066.564867924263,M000020,1702.4411604765105,1711.9982717533326,0,0
932,CASH_IN,15.635182023465047,C000009,7911.2373801622325,7895.602198138768,M000028,3091.6734140510816,3105.7450778722,0,0
562,CASH_IN,31.588101440499226,C000000,8598.543150037998,8566.9550485975,M000025,3740.9278079905807,3769.35709928703,0,0
872,TRANSFER,2775.2772580205997,C000021,6491.602502120808,3716.3252441002082,M000024,4442.132528051314,6939.882060269853,0,0
388,CASH_OUT,36.80216438639141,C000025,6186.858346387218,6150.056182000827,M000011,262.91392964889155,296.03587759664384,0,0
2,CASH_OUT,4.701558227821236,C000017,3292.526930630176,3287.825372402355,M000004,2742.2055203050622,2746.4369227101015,0,0
390,CASH_OUT,59.34278426180667,C000049,5718.418800915682,5659.076016653876,M000001,1337.7532032137974,1391.1617090494235,0,0
566,CASH_IN,77.96475390271831,C000013,6113.641681549996,6035.676927647278,M000015,2692.0693627678484,2762.237641280295,0,0
106,CASH_IN,58.63143110099994,C000046,4579.259682877909,4520.628251776909,M000004,6501.24537019056,6554.0136581814595,0,0
772,CASH_IN,270.25945584838166,C000028,3810.4474908886755,3540.188035040294,M000014,3437.7926430000225,3681.026153263566,0,0
822,PAYMENT,62.678032206721255,C000011,2437.40465304629,2374.726620839569,M000011,4349.197456722369,4405.607685708418,0,0
477,TRANSFER,254.03066403893715,C000035,1524.5404898974157,1270.5098258584785,M000003,5941.03690824157,6169.6645058766135,0,0
703,CASH_IN,11.465164817148631,C000034,1104.232973357674,1092.7678085405253,M000014,4691.037364762137,4701.356013097571,0,0
402,TRANSFER,1922.6483744910383,C000011,6158.885145734523,4236.236771243484,M000010,2328.128280469523,4058.5118175114576,0,0
730,TRANSFER,90.4646870926101,C000006,5295.398650453554,5204.933963360944,M000015,1086.2518701450927,1167.6700885284417,0,0
556,CASH_OUT,121.56364354397547,C000028,4032.377736917807,3910.8140933738314,M000022,2954.7835957187235,3064.1908749083013,0,0
162,PAYMENT,11.369976175451468,C000010,4337.087404550723,4325.717428375271,M000005,2148.441323671972,2158.6743022298783,0,0
202,CASH_IN,140.28190182543887,C000032,5420.9410830609695,5280.659181235531,M000013,713.2180700712388,839.4717817141338,0,0
958,CASH_OUT,200.76400491162192,C000005,4670.873857982811,4470.10985307119,M000017,3361.387495934203,3542.0751003546625,0,0
996,CASH_OUT,5.261747165562736,C000046,2318.8936399923437,2313.631892826781,M000011,3398.8294470889996,3403.5650195380063,0,0
270,CASH_IN,1.977467178844691,C000014,6826.0004405486,6824.022973369755,M000026,5653.67505039493,5655.45477085589,0,0
863,TRANSFER,98.23200190184221,C000031,5608.252341339618,5510.020339437776,M000010,2457.3553967447797,2545.7641984564375,0,0
816,CASH_OUT,20.54176956823007,C000010,5531.796959627696,5511.255190059466,M000012,3420.1820834541736,3438.6696760655805,0,0
271,TRANSFER,91.8211752530554,C000022,6675.125406716745,6583.30423146369,M000020,2001.771877964677,2084.410935692427,0,0
456,PAYMENT,4.128556615864593,C000025,3372.7092878806507,3368.580731264786,M000022,4309.754146040199,4313.469846994477,0,0
462,TRANSFER,2.4084615224642505,C000033,7427.462875451683,7425.054413929219,M000010,2813.0733057148054,2815.2409210850233,0,0
727,PAYMENT,82.54791610405661,C000045,4719.914296115524,4637.366380011467,M000022,1241.1125867208862,1315.4057112145372,0,0
252,TRANSFER,27.124367078755604,C000033,6777.197760661749,6750.073393582994,M000015,2979.7922675022633,3004.204197873143,0,0
702,CASH_OUT,0.8013968252439488,C000028,6468.898066975309,6468.096670150066,M000014,3585.7843463475015,3586.505603490221,0,0
296,CASH_OUT,801.2697334124351,C000003,2922.396343994888,2121.126610582453,M000020,3382.9100811203443,4104.052841191536,0,0
725,PAYMENT,3.9935711818054225,C000016,6005.800809828272,6001.807238646466,M000027,4568.845073243804,4572.439287307429,0,0
720,CASH_IN,9382.953872636226,C000034,5652.5493416933705,0.0,M000014,827.9154419389656,9272.573927311569,0,0
749,PAYMENT,15.673424047385835,C000012,5060.623314988685,5044.949890941299,M000024,1735.8861149775878,1749.992196620235,0,0
338,PAYMENT,121.89026055042297,C000040,4811.256499929238,4689.366239378815,M000003,3959.680997693306,4069.3822321886864,0,0
879,TRANSFER,1471.2946710647313,C000038,4828.213500564417,3356.9188294996857,M000010,1912.0965330583929,3236.261737016651,0,0
53,TRANSFER,1052.4413669646567,C000014,6625.378851287991,5572.9374843233345,M000018,3360.70687399531,4307.904104263502,0,0
792,PAYMENT,2899.439763911214,C000028,6155.82102758302,3256.3812636718058,M000014,629.6178711176435,3239.113658637736,0,0
922,CASH_OUT,2.5956773979861367,C000028,5060.9577005313295,5058.362023133343,M000003,7073.919858469323,7076.255968127511,0,0
217,TRANSFER,5.630898410429446,C000010,2016.1277070572505,2010.4968086468211,M000020,2595.422202663996,2600.4900112333826,0,0
764,CASH_IN,85.7979015030204,C000031,5988.886828167237,5903.088926664216,M000012,4790.934389982417,4868.152501335136,0,0
188,TRANSFER,292.8014914415804,C000001,6447.227238355559,6154.425746913978,M000021,2494.653261624763,2758.1746039221857,0,0
380,TRANSFER,53.38581709626738,C000046,9600.820170893941,9547.434353797675,M000018,3622.04779309633,3670.095028482971,0,0
493,CASH_IN,2.0626920057139086,C000013,7150.866126210076,7148.803434204362,M000001,5237.879469517909,5239.735892323051,0,0
41,PAYMENT,147.40093424986165,C000019,1201.6472241690649,1054.2462899192033,M000013,4748.709028812578,4881.369869637454,0,0
157,CASH_IN,37.02144071266465,C000021,5156.858798037285,5119.83735732462,M000028,2693.317530472163,2726.636827113561,0,0
15,PAYMENT,36.14440200891015,C000010,8622.750057329962,8586.605655321053,M000003,2797.118511909461,2829.64847371748,0,0
813,PAYMENT,0.5735553493157303,C000026,6247.097713803274,6246.524158453958,M000015,4505.349840274928,4505.866040089312,0,0
65,PAYMENT,269.06914978281986,C000002,5657.304320746418,5388.235170963598,M000020,6499.866606427951,6742.028841232489,0,0
857,CASH_IN,72.99625369397644,C000016,6800.457317830472,6727.461064136495,M000019,3288.4240115985617,3354.1206399231405,0,0
839,PAYMENT,1978.9647101441894,C000043,3755.243610018394,1776.2788998742046,M000013,5935.595460812462,7716.663699942233,0,0
521,CASH_OUT,47.039360417804296,C000027,5956.179993254912,5909.140632837108,M000026,2637.8783843696906,2680.2138087457142,0,0
344,CASH_IN,169.47073567641942,C000028,4499.063922016179,4329.59318633976,M000028,4427.940545264702,4580.46420737348,0,0
129,CASH_OUT,288.1947169519419,C000020,4960.753028379051,4672.558311427109,M000014,4651.73364337093,4911.1088886276775,0,0
648,PAYMENT,1.6614270183297863,C000046,6656.909031390213,6655.247604371883,M000027,2385.05924422084,2386.554528537337,0,0
472,TRANSFER,10233.274474398415,C000015,3146.573795015637,0.0,M000002,1879.3828810475377,11089.329908006112,0,0
63,PAYMENT,23.06728140612085,C000036,7575.964947603877,7552.897666197756,M000007,4718.08378282103,4738.8443360865385,0,0
139,CASH_OUT,146.80911481670645,C000019,4154.376077828913,4007.566963012207,M000015,2202.664594135415,2334.7927974704508,0,0
499,CASH_OUT,196.59858570110475,C000005,5521.325666300815,5324.7270805997105,M000009,1658.475130986896,1835.4138581178902,0,0
593,CASH_IN,10.70201181640891,C000018,2198.9840794501138,2188.282067633705,M000003,1974.0607473013547,1983.6925579361227,0,0
392,TRANSFER,2195.0512261598656,C000004,6439.674581742781,4244.623355582915,M000029,2196.5799923618824,4172.126095905762,0,0
675,CASH_IN,92.93594930321126,C000002,7893.007871893155,7800.071922589944,M000017,4284.925656938516,4368.568011311406,0,0
419,CASH_OUT,35.62525249652075,C000000,3970.7169015637055,3935.091649067185,M000001,3772.5640099142815,3804.6267371611502,0,0
289,PAYMENT,72.02519042039995,C000037,2779.5532269808004,2707.5280365604003,M000016,4073.4873671368364,4138.3100385151965,0,0
379,TRANSFER,251.7670857494386,C000014,5555.966129485417,5304.199043735978,M000012,3632.0697166471236,3858.6600938216184,0,0
773,PAYMENT,55.79009416031938,C000033,7909.621289983485,7853.831195823166,M000003,2109.2397566300415,2159.450841374329,0,0
490,PAYMENT,318.57560359447353,C000034,2100.2868690381883,1781.7112654437149,M000025,4045.6542838624086,4332.372327097435,0,0
231,TRANSFER,1.8780907871152948,C000048,2787.383637543316,2785.505546756201,M000024,4773.680739907956,4775.37102161636,0,0
41,CASH_IN,12.232055676768914,C000024,4091.620883376969,4079.3888277001997,M000029,3876.7548241789636,3887.763674288056,0,0
28,PAYMENT,0.7575993238359666,C000023,3359.3123509386087,3358.5547516147726,M000010,3674.483859938776,3675.165699330228,0,0
135,CASH_OUT,2963.1741291072185,C000011,3365.6290667820094,402.4549376747909,M000006,1849.4182401439853,4516.274956340481,0,0
201,PAYMENT,2887.0319757429943,C000017,811.7587446724456,0.0,M000011,3317.7256184617167,5916.054396630412,0,0
840,TRANSFER,191.1832008446298,C000014,6178.113894811735,5986.930693967105,M000009,1769.6380058269476,1941.7028865871143,0,0
780,TRANSFER,7.204918070411087,C000043,5677.441005739271,5670.23608766886,M000006,2963.958212879094,2970.442639142464,0,0
930,TRANSFER,6501.294204420343,C000015,1602.3016003927091,0.0,M000012,539.6000411620262,6390.764825140335,0,0
33,CASH_IN,16.300096755846067,C000026,7914.391519912493,7898.091423156647,M000006,551.1623955118603,565.8324825921218,0,0
48,PAYMENT,35.64417524198956,C000007,8362.184629860974,8326.540454618986,M000023,2713.4284650794552,2745.5082227972457,0,0
503,CASH_IN,75.11849585435432,C000045,3498.1889004397717,3423.0704045854172,M000016,2177.3404922595155,2244.947138528434,0,0
407,CASH_IN,134.6975485660397,C000024,7333.097181954012,7198.399633387972,M000009,3160.18079021126,3281.408583920696,0,0
574,TRANSFER,197.86900155134757,C000016,3854.004390018108,3656.1353884667606,M000028,2797.847131327321,2975.929232723534,0,0
728,TRANSFER,214.4171196127386,C000028,5362.233020422122,5147.815900809383,M000009,3045.2861808152325,3238.261588466697,0,0
805,CASH_IN,40.89271088895861,C000007,3328.4757299581825,3287.583019069224,M000023,3912.911163535111,3949.7146033351737,0,0
99,PAYMENT,207.72226094839402,C000014,9428.50304692455,9220.780785976156,M000003,2305.0965665087515,2492.0466013623063,0,0
684,CASH_OUT,37.3967828627737,C000026,4407.965545340205,4370.568762477431,M000019,2670.8342825327054,2704.4913871092017,0,0
872,CASH_IN,173.92199146002,C000045,5252.898045646924,5078.976054186905,M000003,5182.5318341447455,5339.061626458763,0,0
726,PAYMENT,147.61146062480398,C000049,3624.125225072346,3476.513764447542,M000021,3004.6261902375404,3137.476504799864,0,0
987,TRANSFER,251.0606595872499,C000006,8722.63119447279,8471.570534885539,M000006,2731.184288061917,2957.138881690442,0,0
547,TRANSFER,195.57293874243632,C000002,8773.229292178821,8577.656353436385,M000021,3123.769048984784,3299.784693852977,0,0
961,PAYMENT,22.53647821005443,C000028,8261.85836252588,8239.321884315825,M000000,2757.953440485704,2778.2362708747532,0,0
739,CASH_OUT,136.64964891161156,C000043,6912.880696695243,6776.231047783632,M000011,1935.641560570163,2058.626244590613,0,0
613,TRANSFER,201.70363685918744,C000023,3750.420906131895,3548.7172692727077,M000023,1502.9552442304193,1684.488517403688,0,0
943,TRANSFER,4.127827428122794,C000002,6655.700191924836,6651.572364496713,M000012,1854.8529897749927,1858.5680344603031,0,0
462,TRANSFER,31.560656125342305,C000019,4985.914402150529,4954.353746025186,M000009,4309.37878015618,4337.783370668988,0,0
643,PAYMENT,184.23788621264723,C000045,7624.817243485264,7440.579357272617,M000014,2055.1421179223817,2220.956215513764,0,0
769,CASH_IN,1666.6734778657774,C000014,7231.804106730722,5565.130628864945,M000026,2767.6130972455853,4267.619227324785,0,0
5,TRANSFER,284.23471902468356,C000024,3701.468843848151,3417.2341248234675,M000012,4051.104427699346,4306.915674821561,0,0
218,CASH_IN,1890.8012763587062,C000029,6895.651605674432,5004.850329315726,M000022,2582.4132437835324,4284.134392506368,0,0
503,CASH_OUT,24.612469866463584,C000013,6364.068900087853,6339.456430221389,M000021,3950.0419722654788,3972.193195145296,0,0
767,TRANSFER,90.05143296564383,C000006,547.125725826897,457.0742928612532,M000021,688.8104363536995,769.856726022779,0,0
398,TRANSFER,273.5462191664024,C000016,6601.873279258924,6328.327060092522,M000020,2801.2249806871555,3047.4165779369177,0,0
871,CASH_OUT,0.5206363700855365,C000043,4136.408422719587,4135.887786349502,M000021,3118.344144897763,3118.81271763084,0,0
795,TRANSFER,1120.5853214664075,C000019,3227.915091336653,2107.3297698702454,M000027,3034.708084647252,4043.2348739670188,0,0
393,CASH_IN,1.320724220834024,C000035,3313.4787914125145,3312.1580671916804,M000008,520.621953241674,521.8106050404245,0,0
207,PAYMENT,400.96740373425024,C000008,4729.514208735937,4328.546805001687,M000025,4804.668969646206,5165.539633007032,0,0
15,CASH_IN,215.65147893092532,C000037,5960.119160173366,5744.467681242441,M000008,1717.9905825428748,1912.0769135807077,0,0
858,PAYMENT,0.5070295439338783,C000047,2269.0759556156395,2268.5689260717054,M000014,3502.5556878937014,3503.0120144832417,0,0
554,PAYMENT,0.5609505554109884,C000021,5379.6956724249285,5379.134721869517,M000009,3011.9464239709955,3012.4512794708653,0,0
892,CASH_IN,958.1111889949194,C000001,6153.516132386144,5195.404943391224,M000023,4505.5642857160165,5367.864355811444,0,0
461,CASH_IN,619.8293011298399,C000023,8723.611567339263,8103.782266209423,M000025,6281.23324406131,6839.079615078166,0,0
691,CASH_IN,9.377120294422435,C000007,2846.6196615497397,2837.242541255317,M000024,1064.4532731857462,1072.8926814507263,0,0
575,CASH_IN,9.358099358791582,C000010,4300.775626444392,4291.417527085601,M000028,2026.6291780912518,2035.0514675141642,0,0
864,CASH_OUT,152.20220681324176,C000012,5523.325945392958,5371.123738579716,M000009,3283.638740758578,3420.6207268904955,0,0
743,TRANSFER,53.22412116902755,C000016,7294.818660383213,7241.594539214185,M000007,1341.9700236708125,1389.8717327229372,0,0
241,PAYMENT,449.79432903517056,C000007,4391.552237656372,3941.7579086212018,M000023,4173.27391193364,4578.088808065294,0,0
564,CASH_IN,142.47433081717114,C000020,7397.282743982102,7254.808413164931,M000015,4265.058933235588,4393.285830971042,0,0
96,CASH_IN,1294.7353468910103,C000017,1125.2753670470806,0.0,M000016,3839.1736139925556,5004.4354261944645,0,0
900,CASH_IN,379.9940352274826,C000029,2493.303613756228,2113.3095785287455,M000025,3354.872626314296,3696.8672580190305,0,0
734,CASH_OUT,230.79874529318658,C000017,5697.288688668441,5466.489943375254,M000026,5054.563166954671,5262.282037718539,0,0
485,CASH_IN,26.99766982204105,C000045,2178.3510038242493,2151.353334002208,M000004,1266.561777496707,1290.859680336544,0,0
407,CASH_IN,23.321076713780375,C000046,2651.0589464665663,2627.737869752786,M000003,3097.9022930138303,3118.891262056233,0,0
231,CASH_IN,49.228958147638096,C000030,3944.4462715081218,3895.217313360484,M000017,1891.7956969046675,1936.1017592375417,0,0
749,TRANSFER,2168.7064002770044,C000037,6542.877983831648,4374.171583554644,M000023,4334.874498847753,6286.710259097057,0,0
655,CASH_OUT,24.226583965703245,C000031,1208.0703173854217,1183.8437334197185,M000018,249.9882532403508,271.7921788094837,0,0
171,CASH_IN,91.9328090810362,C000010,5340.596724324789,5248.663915243753,M000003,2957.8742016105302,3040.613729783463,0,0
541,PAYMENT,0.6128679296672559,C000044,7065.9278943056115,7065.315026375944,M000027,3502.8580306049225,3503.409611741623,0,0
36,PAYMENT,210.94922402560982,C000024,4610.1095831420835,4399.160359116474,M000006,1578.7617975393382,1768.616099162387,0,0
525,PAYMENT,4986.036388473217,C000032,4262.339540814919,0.0,M000009,2060.71495166765,6548.147701293546,0,0
160,CASH_OUT,8.437818313016237,C000037,5803.542565117147,5795.104746804131,M000024,3023.0684720581585,3030.662508539873,0,0
839,CASH_OUT,31222.187980013558,C000040,4615.77789455712,0.0,M000017,4432.644569162214,32532.613751174416,0,0
699,PAYMENT,78.60860794774132,C000007,7780.999562481493,7702.390954533752,M000018,1450.6961571194192,1521.4439042723864,0,0
243,CASH_IN,0.3179495734703713,C000010,2777.17397573113,2776.85602615766,M000003,1712.3250894379712,1712.6112440540946,0,0
86,CASH_OUT,25.25245856934247,C000021,4896.71168966983,4871.459231100487,M000009,4688.381656560516,4711.108869272924,0,0
796,PAYMENT,781.2358794147638,C000023,5411.372749921368,4630.136870506604,M000000,2590.5369001202475,3293.649191593535,0,0
578,PAYMENT,2976.8900062994335,C000040,4243.091896307081,1266.2018900076473,M000022,1833.6914402325338,4512.892445902024,0,0
682,CASH_IN,229.5674983011602,C000016,742.5653259149221,512.997827613762,M000017,4093.0271958253734,4299.637944296417,0,0
557,TRANSFER,1255.3740334174017,C000011,4678.190183901615,3422.816150484213,M000004,2267.70450415163,3397.5411342272914,0,0
574,CASH_OUT,5.178051965042589,C000045,6800.353973824933,6795.17592185989,M000014,4541.13230300816,4545.792549776698,0,0
953,CASH_IN,14.005874175967465,C000031,6556.218372252035,6542.212498076067,M000016,2004.4194345304318,2017.0247212888025,0,0
646,PAYMENT,1.898532911365032,C000014,5709.5569643404,5707.658431429035,M000002,2760.608157262506,2762.3168368827346,0,0
796,PAYMENT,16.278966048387293,C000015,2804.275283301553,2787.9963172531657,M000011,4417.457498083098,4432.108567526646,0,0
28,CASH_IN,250.59497061105577,C000021,5790.618924916967,5540.0239543059115,M000001,2660.6086932393728,2886.144166789323,0,0
620,CASH_OUT,83.53882758255519,C000027,3853.124356915524,3769.5855293329687,M000000,4134.079983117969,4209.2649279422685,0,0
556,TRANSFER,309.72910893963024,C000019,5706.965811897334,5397.2367029577035,M000022,2901.6785898284925,3180.4347878741596,0,0
340,TRANSFER,8.389424839300416,C000032,5243.010022803431,5234.62059796413,M000020,5972.537709600043,5980.088191955413,0,0
798,PAYMENT,9.477778433780793,C000009,3047.249457433257,3037.771678999476,M000016,5353.167906154273,5361.6979067446755,0,0
958,CASH_OUT,82.20535279066513,C000039,3215.0883212861927,3132.8829684955276,M000021,1007.8556063493779,1081.8404238609764,0,0
331,TRANSFER,16.35779250133886,C000031,5710.044908843033,5693.6871163416945,M000015,3783.3655218720146,3798.0875351232194,0,0
640,CASH_OUT,737.8188518849315,C000049,4557.773809422996,3819.9549575380647,M000004,1775.3940208484373,2439.4309875448757,0,0
506,CASH_OUT,15.567139203714882,C000032,3319.437138685742,3303.869999482027,M000014,3287.260408189096,3301.2708334724393,0,0
348,PAYMENT,20.271612617107778,C000001,3154.339620546334,3134.0680079292265,M000002,3102.5559439653916,3120.8003953207885,0,0
473,TRANSFER,126.17613501366095,C000032,4392.3383040275685,4266.162169013907,M000027,1416.9194743612688,1530.4779958735637,0,0
231,CASH_IN,25.06377600140433,C000032,8136.209589436419,8111.145813435015,M000006,4587.7268152954875,4610.284213696751,0,0
190,PAYMENT,4.618690451813747,C000040,3947.8439355760825,3943.225245124269,M000010,3304.954415353612,3309.1112367602445,0,0
225,TRANSFER,6.057446552655534,C000012,4971.960923484822,4965.903476932167,M000009,2572.975446491125,2578.427148388515,0,0
385,TRANSFER,160.05730651297745,C000029,5203.288575379021,5043.231268866043,M000008,2342.835263634608,2486.886839496288,0,0
377,TRANSFER,3.6059201139025805,C000032,2737.947217016114,2734.3412969022115,M000013,3209.6654546493533,3212.9107827518656,0,0
283,TRANSFER,892.7698805345959,C000012,1474.3350323146096,581.5651517800137,M000012,3611.887526271428,4415.380418752565,0,0
958,TRANSFER,13.724759046027533,C000025,2946.718530528538,2932.9937714825105,M000028,2812.536320462601,2824.888603604026,0,0
633,CASH_OUT,187.2475679264334,C000021,5494.154755612606,5306.907187686173,M000024,1248.779356164313,1417.302167298103,0,0
628,PAYMENT,15.474209764079376,C000038,5174.662115830818,5159.187906066739,M000029,3025.3360743637254,3039.2628631513967,0,0
973,CASH_OUT,8.754056912027409,C000001,6404.81313830213,6396.059081390103,M000024,837.7769075853339,845.6555588061585,0,0
745,CASH_IN,89.3183866817532,C000037,5193.499789918233,5104.181403236479,M000001,2685.8211515263865,2766.2076995399643,0,0
259,TRANSFER,447.4509550396116,C000038,4780.901417061593,4333.450462021981,M000002,893.1536143955373,1295.8594739311877,0,0
359,PAYMENT,33.290247901328236,C000025,3791.9754501497455,3758.685202248417,M000006,875.2535473807989,905.2147704919943,0,0
710,TRANSFER,47.8966369665312,C000045,6769.213579725386,6721.316942758855,M000020,4852.682732922792,4895.78970619267,0,0
456,PAYMENT,274.468011967756,C000049,3161.6397225585665,2887.1717105908106,M000017,2519.8620285834145,2766.883239354395,0,0
411,CASH_OUT,293.25850817673705,C000014,2779.2009654079584,2485.9424572312214,M000002,2405.0067602671234,2668.9394176261867,0,0
649,PAYMENT,50.55271028532824,C000033,6134.111034776206,6083.558324490878,M000009,3723.786073242887,3769.2835124996827,0,0
318,CASH_IN,22.489312919814406,C000041,2333.68537869269,2311.1960657728755,M000021,2444.114215391322,2464.354597019155,0,0
677,CASH_IN,64.41277087031541,C000043,9829.581997317262,9765.169226446946,M000028,6155.709138191114,6213.680631974398,0,0
225,PAYMENT,37.269564082646426,C000048,5159.986761118287,5122.71719703564,M000006,2590.470358910971,2624.012966585353,0,0
819,PAYMENT,102.09954856207892,C000039,5695.8122326497705,5593.712684087692,M000008,3547.6881179745155,3639.5777116803865,0,0
234,PAYMENT,5.010116389722655,C000010,3383.160350953226,3378.1502345635035,M000016,4456.411997065292,4460.921101816042,0,0
684,PAYMENT,95.04620660957737,C000002,4369.470311516908,4274.424104907331,M000010,5403.379838410365,5488.921424358984,0,0
664,CASH_IN,12.979785265621858,C000005,4146.4857662352915,4133.5059809696695,M000006,1886.9907965135399,1898.6726032525996,0,0
975,TRANSFER,334.2119000110075,C000008,3916.330024662717,3582.1181246517094,M000023,2373.054744242033,2673.84545425194,0,0
827,PAYMENT,14.225900773251265,C000005,6265.923503019653,6251.697602246402,M000027,4911.887812940272,4924.691123636198,0,0
374,PAYMENT,14.728442166048678,C000008,4100.847923549438,4086.119481383389,M000013,4215.093456079037,4228.349054028481,0,0
672,CASH_IN,133.05966661988361,C000038,7035.002458168363,6901.942791548479,M000018,4612.763903502688,4732.517603460583,0,0
608,CASH_IN,56.17230139316089,C000030,10326.364700239646,10270.192398846486,M000003,946.9431846604975,997.4982559143424,0,0
472,CASH_OUT,5183.849742722322,C000031,4408.917519706902,0.0,M000025,5321.999630886028,9987.464399336117,0,0
233,PAYMENT,2.0988609207811266,C000040,5304.631027153248,5302.532166232468,M000005,1857.8886850727924,1859.7776599014956,0,0
692,CASH_OUT,68.01347816943654,C000049,5758.964114331015,5690.950636161578,M000009,3288.4394672128437,3349.6515975653365,0,0
113,CASH_IN,522.8522764416455,C000011,8623.009625187033,8100.157348745387,M000006,2777.6656836123443,3248.232732409825,0,0
830,CASH_IN,17.17357996164323,C000007,4834.704429923622,4817.530849961979,M000012,1682.2757451778948,1697.7319671433738,0,0
497,TRANSFER,8.836442031623708,C000007,3341.9661606832747,3333.129718651651,M000013,881.1963548684957,889.1491526969571,0,0
442,PAYMENT,9.566531496456095,C000049,2467.3189887485914,2457.752457252135,M000003,384.22782505065334,392.8377033974638,0,0
564,CASH_OUT,2.1729325064198948,C000027,4884.032105135531,4881.8591726291115,M000007,3178.527609080962,3180.48324833674,0,0
268,CASH_IN,811.9260419095936,C000019,4103.2395618922355,3291.313519982642,M000004,712.0213646498164,1442.7548023684508,0,0
510,CASH_IN,28.24073153171756,C000046,9020.018578600004,8991.777847068286,M000000,1299.2766073696753,1324.6932657482212,0,0
807,CASH_OUT,22.285711214861525,C000006,8539.724841353933,8517.439130139071,M000003,2672.9461827026703,2693.0033227960457,0,0
386,TRANSFER,0.7802068917314903,C000010,2931.254344152804,2930.474137261073,M000002,958.2127503898496,958.9149365924079,0,0
387,CASH_IN,3.103662466905551,C000019,3578.479792901643,3575.3761304347377,M000008,4168.4695680660025,4171.262864286217,0,0
113,PAYMENT,1023.2913356997885,C000015,5147.540215773773,4124.248880073984,M000007,614.8322506602121,1535.7944527900218,0,0
613,CASH_IN,100.10416883939313,C000003,7794.452845117526,7694.348676278132,M000000,2883.941413000841,2974.0351649562945,0,0
625,PAYMENT,562.8435256014917,C000005,5114.026272742102,4551.18274714061,M000026,3022.528839891434,3529.0880129327766,0,0
952,CASH_OUT,437.0225867381865,C000021,3705.518724023907,3268.4961372857206,M000005,3807.0925802727133,4200.412908337081,0,0
81,PAYMENT,7.379895206528048,C000025,4882.23638019455,4874.856484988022,M000008,2937.4787964151596,2944.120702101035,0,0
699,CASH_OUT,7042.337725467668,C000002,3743.030272207907,0.0,M000006,6026.861945749858,12364.965898670758,0,0
113,PAYMENT,2695.840183620096,C000040,6204.954418878964,3509.114235258868,M000003,3324.475322352751,5750.731487610838,0,0
2,CASH_OUT,17.680584484726612,C000041,3581.9325766705897,3564.251992185863,M000012,4580.41859886549,4596.331124901744,0,0
642,PAYMENT,0.04343843638955947,C000013,3979.1278951460663,3979.084456709677,M000016,1914.805786694568,1914.8448812873187,0,0
220,TRANSFER,26.76073818081593,C000010,7323.8676269121925,7297.106888731377,M000027,3181.1352092842017,3205.219873646936,0,0
566,PAYMENT,87.93452682783665,C000017,3463.2701053718556,3375.335578544019,M000001,5321.355142543389,5400.496216688442,0,0
855,PAYMENT,17.541367182351163,C000011,2107.7439348796756,2090.2025676973244,M000027,2643.4573129655387,2659.2445434296546,0,0
997,TRANSFER,35.05631633896975,C000022,5189.987502712609,5154.931186373639,M000004,3288.3521462928466,3319.9028309979194,0,0
736,CASH_IN,10.40913647111897,C000011,4279.053191590808,4268.644055119688,M000011,4471.280173706213,4480.6483965302195,0,0
225,CASH_IN,344.905144830586,C000012,6022.831001859908,5677.925857029321,M000026,1886.6557197125483,2197.0703500600757,0,0
385,PAYMENT,62.0081904738564,C000024,5634.94386946218,5572.935678988324,M000020,242.34049997878992,298.1478714052607,0,0
403,TRANSFER,366.1445225756785,C000044,4936.163010713276,4570.018488137597,M000007,3383.360480568553,3712.8905508866637,0,0
638,PAYMENT,629.1732729266884,C000018,4877.913149060008,4248.73987613332,M000005,4483.003754037004,5049.259699671024,0,0
130,CASH_OUT,0.7056420875548013,C000045,3528.28310135433,3527.5774592667753,M000007,972.831352662043,973.4664305408422,0,0
53,CASH_OUT,11.692593162865803,C000035,5166.694141986486,5155.00154882362,M000017,4005.329845916008,4015.853179762587,0,0
684,PAYMENT,15.673030186963414,C000044,6762.569562865538,6746.896532678574,M000002,4015.4495810093063,4029.5553081775734,0,0
730,CASH_IN,9346.383157565231,C000007,3053.1065172010476,0.0,M000021,410.2443886729561,8821.989230481664,0,0
672,CASH_IN,73.55333091612061,C000028,4989.205247276931,4915.65191636081,M000011,1595.5670513898415,1661.76504921435,0,0
710,PAYMENT,277.3058899435003,C000031,7076.777511469223,6799.471621525723,M000028,2406.2568289025066,2655.832129851657,0,0
416,PAYMENT,1.2694915442547607,C000043,6010.848186433399,6009.578694889145,M000025,2730.5639996471446,2731.706542036974,0,0
247,CASH_OUT,72.70650842843426,C000017,7618.945792701426,7546.239284272992,M000002,1885.2986028480243,1950.7344604336151,0,0
836,CASH_IN,386.28906576338574,C000005,3863.715340331331,3477.4262745679453,M000021,1804.495794626727,2152.1559538137744,0,0
439,PAYMENT,306.10560907950475,C000017,1338.463103210268,1032.3574941307631,M000005,5507.224336773139,5782.719384944693,0,0
203,CASH_OUT,189.95721789504577,C000018,5401.3036079113745,5211.346390016329,M000001,2838.6613022116376,3009.622798317179,0,0
184,CASH_IN,56.03637385418425,C000021,5725.14163005297,5669.105256198785,M000022,1957.4345097753908,2007.8672462441566,0,0
123,TRANSFER,61.75267171741534,C000036,7736.84390894535,7675.091237227935,M000011,2938.245784631175,2993.8231891768487,0,0
401,CASH_OUT,1.8468244498172592,C000031,7376.291469413967,7374.44464496415,M000001,3805.6362495917156,3807.298391596551,0,0
767,CASH_IN,9.015400031203665,C000040,6073.487246024923,6064.4718459937185,M000005,3077.439565066812,3085.5534250948954,0,0
294,CASH_IN,86.65094419680908,C000002,6530.780428340868,6444.129484144059,M000016,2691.4086137580402,2769.3944635351686,0,0
280,CASH_OUT,13.04034986331736,C000027,4616.357083586721,4603.316733723404,M000002,2024.97499699432,2036.7113118713057,0,0
837,TRANSFER,216.5186082435314,C000009,2561.7707773615666,2345.2521691180355,M000001,2006.8037317986013,2201.6704792177798,1,0
884,CASH_OUT,138.87372965645932,C000034,5235.442434761821,5096.568705105361,M000022,2103.287420271961,2228.2737769627743,0,0
610,CASH_IN,841.1251917222742,C000028,6965.146927255554,6124.02173553328,M000029,3508.2219012161054,4265.234573766153,0,0
198,PAYMENT,371.11339110254306,C000014,6312.721739657097,5941.608348554554,M000019,1508.7298613973192,1842.731913389608,0,0
982,PAYMENT,86.01509621816459,C000032,6667.61467831873,6581.599582100565,M000007,3589.903835205333,3667.317421801681,0,0
907,CASH_OUT,243.7055826199056,C000006,4144.488625906496,3900.7830432865903,M000021,5119.492133440245,5338.82715779816,0,0
511,CASH_IN,407.56658764653923,C000011,4468.906323963152,4061.339736316613,M000011,3488.5610367197996,3855.370965601685,0,0
752,PAYMENT,19.788984177063657,C000048,5966.850976229207,5947.061992052143,M000025,2445.6217066242943,2463.4317923836516,0,0
144,CASH_IN,28.256909262725518,C000029,3906.985210982491,3878.7283017197656,M000003,1052.8096724180546,1078.2408907545075,0,0
609,CASH_OUT,44.98584682108959,C000020,3968.5658601339956,3923.580013312906,M000004,5367.160211867271,5407.647474006251,0,0
201,PAYMENT,21.0929510597864,C000030,5595.964472754903,5574.871521695117,M000012,1244.9735241016315,1263.9571800554393,0,0
124,CASH_IN,416.2865686826854,C000023,6521.809486313816,6105.52291763113,M000028,4272.843051713622,4647.500963528039,0,0
187,PAYMENT,15.570512740990416,C000019,4600.942653341182,4585.372140600192,M000014,3957.776790891728,3971.7902523586195,0,0
326,CASH_OUT,667.3421899682274,C000036,2673.6210778927225,2006.278887924495,M000024,2644.8470955539105,3245.4550665253155,0,0
464,CASH_IN,26.207708950469353,C000003,3528.3921699143402,3502.184460963871,M000022,2605.531794328983,2629.118732384405,0,0
349,PAYMENT,140.4418165158621,C000027,5407.344169786196,5266.902353270334,M000015,246.43308893846915,372.83072380274507,0,0
771,CASH_OUT,76.1595359617832,C000043,5383.04192773193,5306.882391770147,M000009,3495.0975012189324,3563.6410835845372,0,0
660,PAYMENT,7.752693903491,C000019,5482.476275310696,5474.7235814072055,M000029,3929.8894985937072,3936.8669231068493,0,0
764,PAYMENT,52.46889621699984,C000023,6042.590581191513,5990.121684974512,M000029,1366.3798257782933,1413.6018323735932,0,0
955,TRANSFER,106.40867046298025,C000049,5011.6211170849,4905.21244662192,M000024,2766.267788506346,2862.035591923028,0,0
932,TRANSFER,48.010254609042946,C000048,5530.112089680624,5482.101835071581,M000022,3056.792872513425,3100.0021016615638,0,0
403,CASH_OUT,3.7232125450514184,C000031,4909.946354342266,4906.223141797214,M000015,3876.858941924352,3880.2098332148985,0,0
346,TRANSFER,1640.667560451991,C000040,7297.466965858877,5656.799405406886,M000011,3005.7046141847813,4482.3054185915735,0,0
963,CASH_OUT,65.0657935047046,C000035,7864.684062435003,7799.618268930299,M000016,560.5209690576239,619.0801832118581,0,0
511,TRANSFER,11.14950218331354,C000033,2621.977435239931,2610.8279330566174,M000015,2205.0933458062664,2215.1278977712486,0,0
147,PAYMENT,1396.2370101199522,C000035,4489.496115795493,3093.259105675541,M000011,3336.9386780835293,4593.551987191487,0,0
148,CASH_OUT,187.68773905717694,C000001,5065.4489830814155,4877.761244024238,M000007,4262.292513059639,4431.2114782110975,0,0
864,CASH_OUT,4.951348715257426,C000014,4466.170575971358,4461.219227256101,M000019,2073.5450859086295,2078.0012997523613,0,0
711,PAYMENT,6.759916292420972,C000033,8585.845182661746,8579.085266369324,M000002,6281.474811825029,6287.558736488208,0,0
820,CASH_OUT,34.99518778657187,C000035,5447.9105561794695,5412.915368392898,M000015,158.29039674455316,189.78606575246783,0,0
489,CASH_OUT,98.94992931519863,C000005,3389.2563458993122,3290.306416584114,M000029,2154.4497374131483,2243.5046737968273,0,0
929,TRANSFER,189.72955490377035,C000038,6192.884679121342,6003.155124217572,M000012,2875.4495947608402,3046.2061941742336,0,0
936,CASH_OUT,365.16779455493935,C000041,5541.949077692386,5176.781283137447,M000022,2698.876254670704,3027.5272697701494,0,0
640,CASH_IN,160.63662278783823,C000011,5608.385839106843,5447.749216319005,M000027,1151.786505277751,1296.3594657868055,0,0
551,PAYMENT,807.1358206609602,C000002,8615.75231759838,7808.61649693742,M000018,3671.7926216276906,4398.214860222555,0,0
338,TRANSFER,70.35728412064523,C000044,5701.570351509618,5631.213067388973,M000007,3556.641076970883,3619.9626326794637,0,0
872,TRANSFER,11.949880030561337,C000017,4392.676952252008,4380.727072221447,M000021,3071.94216897232,3082.697060999825,0,0
641,CASH_IN,54.233470821796004,C000039,1089.447147379798,1035.2136765580021,M000004,3497.765794887773,3546.5759186273895,0,0
779,PAYMENT,47.56221670368339,C000020,4669.201963712976,4621.6397470092925,M000019,2364.3353828279537,2407.1413778612687,0,0
988,PAYMENT,0.3146070562529063,C000014,7611.939834654378,7611.625227598125,M000007,573.9555748371481,574.2387211877757,0,0
953,TRANSFER,17.765640481288926,C000032,4817.661760887626,4799.896120406337,M000023,1925.040194921633,1941.029271354793,0,0
473,CASH_OUT,102.35093689506328,C000034,519.9002029609937,417.54926606593045,M000011,3235.581872114162,3327.6977153197186,0,0
946,TRANSFER,23.372704556853723,C000025,4003.275215615107,3979.902511058253,M000000,3244.116622269594,3265.1520563707622,0,0
151,PAYMENT,14.992967777697277,C000007,6985.377077825584,6970.384110047887,M000024,3062.068578878772,3075.5622498786993,0,0
415,CASH_IN,337.90081024762515,C000035,6091.63434912403,5753.733538876405,M000029,3823.0624019775473,4127.17313120041,0,0
990,TRANSFER,8.731248309857051,C000047,3320.238206978529,3311.506958668672,M000020,2128.280931824975,2136.1390553038464,0,0
298,PAYMENT,226.6133589957662,C000029,3869.4304472018366,3642.8170882060704,M000019,3040.0215856658037,3243.973608761993,0,0
611,TRANSFER,3.7981384245571093,C000022,4178.5826817951665,4174.78454337061,M000005,3858.139167607382,3861.5574921894836,0,0
263,CASH_OUT,13650.39682272389,C000041,3674.5724562741398,0.0,M000021,2872.66527224647,15158.02241269797,0,0
764,TRANSFER,35.46793135812689,C000043,940.6522645208356,905.1843331627088,M000017,1135.0141073908517,1166.935245613166,0,0
144,TRANSFER,28.601793378672557,C000013,6527.1822012397115,6498.580407861039,M000007,1557.7674455166934,1583.5090595574989,0,0
346,PAYMENT,537.0718077531585,C000013,7514.1199133781865,6977.048105625028,M000006,4246.27848641905,4729.643113396893,0,0
624,PAYMENT,23.63173042181538,C000001,1963.1021120705195,1939.4703816487042,M000000,5088.70824441386,5109.976801793493,0,0
572,PAYMENT,1002.1025449234141,C000036,7487.705865172629,6485.603320249215,M000020,4762.924661736073,5664.816952167146,0,0
881,TRANSFER,114.79956113049386,C000004,4793.953597205568,4679.154036075074,M000015,3348.2339246130527,3451.553529630497,0,0
2,CASH_OUT,43.086261987430085,C000037,7450.264696335749,7407.17843434832,M000011,1195.3010969749607,1234.0787327636478,0,0
897,CASH_IN,34.81290645821424,C000044,5075.900872580892,5041.087966122677,M000005,2990.472664840697,3021.80428065309,0,0
304,CASH_IN,611.0533925446667,C000040,5271.08918431726,4660.035791772593,M000019,5343.382697925632,5893.330751215832,0,0
254,PAYMENT,86.57182612505011,C000046,5744.869293964425,5658.297467839375,M000001,3927.732570684713,4005.647214197258,0,0
652,PAYMENT,129.62134408625963,C000013,3419.8673497294435,3290.2460056431837,M000028,2688.783715974191,2805.4429256518247,0,0
453,TRANSFER,161.09652914180936,C000038,7389.348288656043,7228.2517595142335,M000013,3942.9378492618243,4087.9247254894526,0,0
37,CASH_IN,71.22702923353027,C000024,2757.2387238504302,2686.0116946169,M000003,1095.907190076593,1160.0115163867702,0,0
160,PAYMENT,154.4305456739729,C000019,4195.866510966659,4041.435965292686,M000000,1956.4929332276968,2095.4804243342724,0,0
9,CASH_OUT,43.09268041107658,C000001,6048.529355286338,6005.436674875261,M000022,1373.7129134665126,1412.4963258364817,0,0
233,CASH_OUT,49.42136083729889,C000038,3981.6095190290725,3932.1881581917737,M000017,3704.357727522649,3748.8369522762177,0,0
99,PAYMENT,5.8227353570203,C000005,6555.062481629888,6549.239746272868,M000012,4071.155249580139,4076.395711401457,0,0
659,PAYMENT,99.03967246540799,C000016,7751.732346367913,7652.692673902505,M000001,2769.26095920245,2858.3966644213174,0,0
816,CASH_IN,1.7522803320206335,C000024,7025.092002107674,7023.339721775653,M000008,1690.605484890651,1692.1825371894697,0,0
208,CASH_IN,96.26609127012665,C000027,1127.769372642757,1031.5032813726302,M000020,2970.376359698059,3057.015841841173,0,0
131,TRANSFER,31.14855848726481,C000001,5251.693939238715,5220.5453807514505,M000001,2270.130163989289,2298.1638666278272,0,0
404,CASH_IN,115.4884146536614,C000034,7057.3652213927835,6941.876806739122,M000026,1805.743942959383,1909.6835161476783,0,0
152,CASH_OUT,6.701580082734906,C000036,2366.502306355886,2359.800726273151,M000024,3508.4905279638697,3514.521950038331,0,0
54,CASH_OUT,0.787639535472027,C000004,6447.22117445775,6446.433534922277,M000008,1863.0116662219893,1863.720541803914,0,0
120,PAYMENT,27.065757987698692,C000000,6334.9215632786245,6307.855805290926,M000000,650.4754005538612,674.83458274279,0,0
673,CASH_IN,6.740773374183709,C000039,2575.8202161234694,2569.0794427492856,M000010,983.8282944552197,989.8949904919851,0,0
920,TRANSFER,1.5509794484317272,C000011,6668.465331480322,6666.91435203189,M000002,595.1092997760757,596.5051812796642,0,0
628,CASH_OUT,253.65283465007332,C000035,5545.395587059869,5291.742752409796,M000019,3371.2678748643066,3599.5554260493727,0,0
587,CASH_OUT,1342.7519140894922,C000044,6300.763577442537,4958.011663353045,M000029,3225.608157264246,4434.084879944789,0,0
625,TRANSFER,11.09059141318187,C000022,3067.375228469735,3056.284637056553,M000022,3150.780141762243,3160.761674034107,0,0
968,TRANSFER,46.920671982345674,C000046,5300.272232742769,5253.351560760423,M000025,3881.597478719914,3923.826083504025,0,0
420,CASH_OUT,29.501135869057947,C000030,1590.2428917353527,1560.7417558662949,M000003,4787.938284175675,4814.489306457827,0,0
422,CASH_OUT,14.61726195565705,C000010,446.01758493389843,431.4003229782414,M000017,2111.600203762327,2124.7557395224185,0,0
104,TRANSFER,205.9172579727567,C000009,5281.6568530555,5075.739595082743,M000022,3609.716215857627,3795.041748033108,0,0
852,CASH_OUT,411.69505636958456,C000002,7201.19521352262,6789.500157153036,M000005,630.5767388911845,1001.1022896238106,0,0
254,PAYMENT,9.609821241118732,C000013,5505.87362853016,5496.263807289041,M000002,5068.064619395026,5076.713458512033,0,0
227,PAYMENT,59.71204352796967,C000015,4873.107872111708,4813.395828583739,M000021,1132.7531426727644,1186.493981847937,0,0
112,TRANSFER,712.7039151283993,C000009,4624.9317598902535,3912.227844761854,M000010,1934.8783214393436,2576.311845054903,0,0
510,CASH_IN,216.60434760916968,C000028,3114.8692171138687,2898.264869504699,M000014,2103.435729400361,2298.379642248614,0,0
473,TRANSFER,291.6034632565096,C000009,4556.278192409387,4264.674729152877,M000021,710.5935049166819,973.0366218475406,0,0
99,TRANSFER,842.1605010363008,C000011,5843.368936528889,5001.208435492588,M000027,3048.863366112843,3806.8078170455137,0,0
153,CASH_IN,820.3165847779666,C000029,4129.5555343987435,3309.238949620777,M000004,3320.8558023022224,4059.1407286023923,0,0
861,CASH_IN,427.2140862808065,C000040,6501.173707671553,6073.959621390746,M000019,2715.8794935276755,3100.3721711804014,0,0
914,CASH_IN,72.95733582642002,C000000,5391.950067729205,5318.992731902786,M000009,689.6285519533849,755.2901541971629,0,0
896,PAYMENT,25.40723472305019,C000004,5633.958835546813,5608.551600823763,M000011,5975.0793522775675,5997.945863528313,0,0
878,CASH_OUT,67.15178672794613,C000019,6777.32550710192,6710.173720373974,M000014,3823.846194752472,3884.2828028076237,1,0
338,PAYMENT,18.749866416791665,C000007,3946.489134690019,3927.7392682732275,M000016,6951.333065474938,6968.20794525005,0,0
706,CASH_OUT,1.0996877259251765,C000042,6318.761172373903,6317.661484647978,M000009,1792.3361401705613,1793.325859123894,0,0
822,PAYMENT,31.218219053219457,C000011,4227.046565496052,4195.828346442832,M000005,4436.823342265465,4464.919739413363,0,0
163,CASH_OUT,111.61466941439498,C000000,5679.02896763768,5567.414298223284,M000017,4168.910831091245,4269.3640335642,0,0
720,PAYMENT,16.868722448014196,C000019,3708.457298726863,3691.588576278849,M000012,2564.137345353957,2579.3191955571697,0,0
957,CASH_IN,37.13056279606906,C000027,3178.5923538705356,3141.4617910744664,M000002,5116.576351588836,5149.9938581052975,0,0
681,TRANSFER,40.12207044493094,C000042,5183.729491296987,5143.607420852057,M000029,2391.8849885793325,2427.9948519797704,1,0
996,PAYMENT,823.6235332930302,C000036,1229.5998959577655,405.97636266473535,M000023,2458.662870863089,3199.9240508268163,0,0
161,CASH_OUT,26.605699292399095,C000046,4407.465112982237,4380.859413689837,M000009,2207.1448379075746,2231.0899672707337,0,0
580,CASH_IN,823.2556336099411,C000036,1787.2459887816394,963.9903551716983,M000029,3613.542080613956,4354.472150862903,0,0
801,PAYMENT,0.2405130368338923,C000011,6558.468068627216,6558.227555590382,M000013,1011.7351324763902,1011.9515942095406,0,0
398,PAYMENT,808.9293333766259,C000036,7100.2211922178285,6291.291858841203,M000005,2173.918206456733,2901.954606495696,1,0
277,CASH_IN,731.2915589806883,C000048,3272.097557158388,2540.8059981776996,M000002,1460.6705418824588,2118.8329449650782,0,0
816,PAYMENT,331.7923584095096,C000048,5856.625924946993,5524.833566537483,M000015,2450.6526910226075,2749.265813591166,0,0
916,TRANSFER,0.9764458274874989,C000043,6798.271427374984,6797.294981547497,M000006,3665.8203453261535,3666.6991465708925,0,0
504,PAYMENT,418.9593885173201,C000027,6804.938445003567,6385.979056486247,M000019,3016.7123445731363,3393.7757942387243,0,0
896,TRANSFER,49.390675368266635,C000046,5428.9016679432825,5379.510992575016,M000013,4064.4619357587108,4108.913543590151,0,0
392,TRANSFER,0.3469152102184471,C000014,6468.609351122994,6468.262435912775,M000008,4898.444303378447,4898.756527067644,0,0
135,CASH_IN,732.4209490408823,C000005,3701.3373761592115,2968.916427118329,M000014,2446.806094983247,3105.984949120041,0,0
195,PAYMENT,980.7780223974416,C000043,5166.24493131336,4185.466908915919,M000020,2282.1491369758296,3164.849357133527,0,0
401,CASH_IN,1.2104302274274952,C000019,4065.793186418448,4064.5827561910205,M000002,4436.591480493014,4437.680867697699,0,0
640,PAYMENT,77.54373894157818,C000049,3532.4240524292723,3454.880313487694,M000001,4555.570933109894,4625.360298157315,0,0
33,PAYMENT,877.5923946875919,C000013,5072.126782939255,4194.534388251663,M000026,4110.88630215457,4900.719457373403,0,0
688,CASH_OUT,639.2672681291893,C000001,5695.060752316149,5055.793484186959,M000001,1571.731789890976,2147.0723312072464,0,0
460,PAYMENT,290.6506708708753,C000008,7327.017535909974,7036.366865039099,M000002,3633.9825982524058,3895.5682020361937,0,0
955,CASH_IN,0.27403326912654763,C000036,5530.311054597775,5530.037021328649,M000017,3164.2059060709335,3164.4525360131474,0,0
883,TRANSFER,234.88253386281306,C000019,6283.861069923102,6048.978536060289,M000013,4578.793412024495,4790.187692501027,0,0
470,PAYMENT,35.296796293131585,C000025,6306.566346499076,6271.269550205944,M000019,2140.6918656933767,2172.458982357195,0,0
375,CASH_OUT,400.10021668373577,C000028,10375.06873139392,9974.968514710185,M000017,500.0845632751257,860.174758290488,0,0
22,CASH_IN,91.1332678309008,C000000,1379.9351934548417,1288.8019256239409,M000009,4035.3552005704087,4117.3751416182195,0,0
750,PAYMENT,52.46974823504391,C000034,3624.132266325644,3571.6625180906003,M000024,837.5525748856535,884.775348297193,0,0
670,CASH_IN,196.72517398316037,C000005,7948.1121049761605,7751.3869309930005,M000001,1902.729894155505,2079.7825507403495,0,0
38,CASH_OUT,38.71291471209048,C000036,4295.973850293052,4257.260935580962,M000024,1465.2067330225584,1500.04835626344,0,0
230,CASH_OUT,52.01049058305702,C000004,6771.606275203439,6719.595784620382,M000028,1455.0979936413796,1501.9074351661309,0,0
365,CASH_IN,17.985250435582685,C000032,5460.019047525673,5442.03379709009,M000021,1876.4527935673566,1892.6395189593811,0,0
563,PAYMENT,2.2015948237670564,C000048,9210.404802416022,9208.203207592254,M000000,4826.060354627445,4828.0417899688355,1,0
438,TRANSFER,169.98444749514417,C000013,2773.891145872576,2603.906698377432,M000003,4230.833128509559,4383.819131255189,0,0
776,CASH_OUT,10.891028322793629,C000011,7443.601105037626,7432.710076714833,M000013,2622.403977011242,2632.2059025017566,0,0
283,PAYMENT,36.5403185194235,C000041,8499.162610544998,8462.622292025575,M000000,4700.435207788574,4733.321494456055,0,0
27,PAYMENT,96.92601125780882,C000019,2971.1622456640007,2874.2362344061917,M000013,1406.554267250439,1493.7876773824669,0,0
226,TRANSFER,0.8432976600739969,C000049,6565.740487162693,6564.897189502619,M000015,1202.5749213792626,1203.3338892733293,0,0
277,CASH_OUT,1.3195650736510673,C000023,3069.0040283418884,3067.6844632682373,M000021,4295.394988869886,4296.582597436172,0,0
798,CASH_OUT,29.979770777008444,C000042,5060.32314507025,5030.343374293241,M000013,3869.4648439839702,3896.446637683278,0,0
609,PAYMENT,135.52104807447597,C000033,4486.8241396356525,4351.303091561176,M000028,2309.6048976250154,2431.573840892044,0,0
284,PAYMENT,241.79168297688355,C000024,194.49213020062598,0.0,M000019,1296.8086594528042,1514.4211741319994,0,0
879,TRANSFER,2.2645385517061714,C000049,5848.468519423797,5846.203980872091,M000002,5189.597812556911,5191.635897253446,0,0
960,TRANSFER,195.0513717666955,C000028,5286.678335212462,5091.626963445767,M000002,419.84617357827256,595.3924081682985,0,0
481,CASH_OUT,33.443610883983,C000038,7958.157946811521,7924.714335927538,M000008,2102.3610969846595,2132.4603467802444,1,0
453,CASH_IN,9.334204064746777,C000030,6222.287309299085,6212.953105234338,M000005,3342.864791276846,3351.2655749351184,0,0
829,CASH_OUT,14.922890181031235,C000046,9581.767848157524,9566.844957976493,M000024,5703.247212647168,5716.677813810096,0,0
816,PAYMENT,271.4328187709622,C000042,5214.084764157427,4942.651945386465,M000012,3574.6503181098306,3818.9398550036967,0,0
659,CASH_OUT,94.44442536884084,C000049,4788.939895995385,4694.495470626544,M000020,3720.456979519948,3805.456962351905,0,0
516,CASH_IN,60.3772902807899,C000022,4631.286698565808,4570.909408285019,M000001,2145.924449777809,2200.26401103052,0,0
547,TRANSFER,88.85372493797493,C000043,4120.822577936453,4031.968852998478,M000007,3852.7203379118973,3932.688690356075,0,0
192,CASH_IN,349.3923676263944,C000037,584.4981672348622,235.1057996084678,M000020,3157.9639813186304,3472.4171121823856,0,0
49,CASH_IN,44.96124359317056,C000019,4559.610745984085,4514.649502390915,M000001,617.3031893736629,657.7683086075165,0,0
512,CASH_IN,60.86375082241446,C000022,864.2905471280155,803.4267963056011,M000003,4189.402280239661,4244.179655979834,0,0
17,TRANSFER,531.8393554361485,C000044,5904.066689171537,5372.227333735389,M000024,4455.590084770277,4934.24550466281,0,0
172,CASH_IN,28.129722329350482,C000015,2519.8794150588315,2491.749692729481,M000014,4205.0475732317445,4230.36432332816,0,0
220,CASH_IN,187.96977724306151,C000049,3211.3347538231606,3023.364976580099,M000003,3049.991888498703,3219.164688017458,0,0
158,CASH_IN,19.937273872323644,C000041,3661.1796103348966,3641.242336462573,M000012,1565.734675275529,1583.6782217606203,0,0
477,PAYMENT,23.766221721382347,C000007,4590.129924373509,4566.363702652127,M000027,463.77559692729847,485.1651964765426,0,0
46,CASH_IN,44.34058893721616,C000049,5013.736509878074,4969.395920940858,M000011,3235.580408102176,3275.4869381456706,0,0
373,TRANSFER,153.01649192967955,C000020,7168.959166146142,7015.942674216462,M000027,4622.913089611274,4760.627932347986,0,0
518,CASH_IN,594.8825107374196,C000000,3844.9398129848923,3250.0573022474728,M000012,4493.298703624621,5028.692963288299,0,0
99,CASH_IN,66.22715181232145,C000007,5960.292272444739,5894.065120632417,M000013,4224.109265090772,4283.713701721861,0,0
892,TRANSFER,2.7191686150473076,C000028,10461.734466447135,10459.015297832088,M000019,2888.6835321759136,2891.1307839294564,0,0
745,CASH_IN,193.03906679884795,C000031,5754.701405526459,5561.662338727611,M000017,4631.196261047246,4804.931421166209,0,0
37,TRANSFER,7388.532006665128,C000037,4639.020422136732,0.0,M000028,4386.242735783854,11035.92154178247,0,0
280,CASH_IN,67.85259706638399,C000004,3441.6966961434055,3373.8440990770214,M000027,2366.049658917663,2427.1169962774084,0,0
349,TRANSFER,1.7904459477417218,C000046,4611.336909159343,4609.546463211602,M000005,4014.897024923771,4016.5084262767386,0,0
497,CASH_IN,76.65430582920625,C000021,3227.559312781188,3150.9050069519817,M000028,2196.0612818860627,2265.0501571323484,0,0
302,CASH_IN,54.270173965857644,C000046,5537.322853367545,5483.052679401687,M000010,3810.036347425383,3858.879503994655,0,0
181,PAYMENT,45.86867000331781,C000033,5207.088277278786,5161.219607275469,M000029,1051.3250335483992,1092.6068365513852,0,0
607,PAYMENT,361.7016858862591,C000000,675.5615581644133,313.8598722781542,M000001,1166.6822869906177,1492.213804288251,0,0
99,CASH_IN,859.670840752377,C000025,4962.883988467865,4103.213147715487,M000027,4587.310570415862,5361.014327093001,0,0
700,CASH_IN,214.25598471261117,C000042,7152.292625280026,6938.036640567415,M000022,4406.3401833071475,4599.170569548498,0,0
993,CASH_OUT,41.84129751622449,C000009,4201.7762955945,4159.934998078275,M000018,3950.417310863747,3988.074478628349,0,0
116,TRANSFER,518.716540248705,C000029,3694.206455176876,3175.489914928171,M000018,3131.9532315792458,3598.7981178030805,0,0
191,CASH_OUT,2.7520352189465167,C000049,2244.5984537662953,2241.8464185473485,M000004,586.9116465362226,589.3884782332746,0,0
253,PAYMENT,13.038255391232045,C000017,1284.015916751191,1270.977661359959,M000018,2887.6860926902655,2899.4205225423743,0,0
981,PAYMENT,16.293144602250432,C000016,6662.698534126508,6646.405389524258,M000001,3681.274750784757,3695.9385809267824,0,0
928,PAYMENT,51.32093220489428,C000025,4637.043340841608,4585.722408636714,M000009,2197.9001286606126,2244.0889676450174,0,0
983,PAYMENT,150.42570758089673,C000007,6544.043124006846,6393.617416425949,M000024,1931.2587107876436,2066.641847610451,0,0
161,CASH_IN,36.54608633063573,C000046,8062.647489158939,8026.1014028283025,M000001,5166.630582230538,5199.52205992811,0,0
256,PAYMENT,8.916722184873276,C000039,6842.49536982069,6833.578647635817,M000029,2909.5665129125823,2917.591562878968,0,0
323,CASH_IN,383.63844876726836,C000048,3915.2553571224084,3531.61690835514,M000010,3682.192754463571,4027.4673583541125,0,0
128,CASH_IN,34.092811499166686,C000011,5289.735329315111,5255.642517815944,M000017,4161.197192429047,4191.880722778297,0,0
18,PAYMENT,66.97087622916486,C000026,3770.4542696861636,3703.483393456999,M000028,1497.8443852423834,1558.1181738486318,0,0
793,PAYMENT,164.37254886152814,C000007,3583.423074796674,3419.0505259351457,M000023,3289.811134071291,3437.746428046666,0,0
735,TRANSFER,59.01284994359808,C000024,5685.630324805247,5626.6174748616495,M000014,4979.466741715949,5032.5783066651875,0,0
566,CASH_OUT,59.533750646453456,C000045,3335.412233763655,3275.8784831172015,M000008,5728.834774949582,5782.41515053139,0,0
570,PAYMENT,428.78123231286435,C000003,581.6967618225981,152.91552950973374,M000022,3059.904595822036,3445.8077049036137,0,0
